{"_runtime":2235,"_timestamp":1.7649474868484626e+09,"_step":36,"train/loss_step":5.300632476806641,"train/acc_step":0.6948817567567568,"train/step":3700,"_wandb":{"runtime":2235}}